{"width":2.6000000000000001,"length":2.6000000000000001,"depth":2.6000000000000001,"placement":{"x":0,"y":0,"z":0},"id":"11d8bbd8-afbe-4326-b4ef-23f08d6b3efa","name":"MyFooting"}