{"width":2.6000000000000001,"length":2.6000000000000001,"depth":2.6000000000000001,"placement":{"x":0,"y":0,"z":0},"id":"d5953195-6bb0-44a8-a954-904ad24ff566","name":"MyFooting"}