{"width":2.6000000000000001,"length":2.6000000000000001,"depth":2.6000000000000001,"placement":{"x":2.6000000000000001,"y":2.6000000000000001,"z":2.6000000000000001},"id":"8b953565-cc59-40f9-8c50-a514785cefad","name":"MyFooting"}